"Альгицид пролонгированного действия непенящийся ""Aqualeon"" 10 кг";17.05.2022 16:24:16;4;1421
"Альгицид пролонгированного действия непенящийся ""Aqualeon"" 10 кг";01.06.2022 12:21:06;3;1421
"Альгицид пролонгированного действия непенящийся ""Aqualeon"" 10 кг";14.06.2022 11:54:53;3;1490
"Альгицид пролонгированного действия непенящийся ""Aqualeon"" 10 кг";18.06.2022 14:39:43;4;1421
"Альгицид пролонгированного действия непенящийся ""Aqualeon"" 10 кг";25.07.2022 15:03:53;3;1421
"Альгицид пролонгированного действия непенящийся ""Aqualeon"" 10 кг";04.08.2022 13:41:15;6;1421
"Альгицид пролонгированного действия непенящийся ""Aqualeon"" 10 кг";12.08.2022 16:45:36;3;1490
"Альгицид пролонгированного действия непенящийся ""Aqualeon"" 10 кг";25.08.2022 13:25:42;2;1495
"Альгицид пролонгированного действия непенящийся ""Aqualeon"" 10 кг";26.09.2022 13:21:11;2;1421
"Альгицид пролонгированного действия непенящийся ""Aqualeon"" 10 кг";12.10.2022 13:16:29;3;2300
"Альгицид пролонгированного действия непенящийся ""Aqualeon"" 10 кг";04.11.2022 11:10:13;2;1421
"Альгицид пролонгированного действия непенящийся ""Aqualeon"" 10 кг";22.12.2022 13:33:27;3;1421
